{
    "train": {
        "accuracy": 19.25209687722294,
        "loss": 0.341489748282349
    },
    "val": {
        "accuracy": 19.880684458977516,
        "loss": 0.037766500466970276
    },
    "step": 19
}
