step	accuracy
0	0.010920288965053593
1	1.4682945902220061
2	2.4929817545812805
3	3.56010485219015
4	4.782446002589027
5	5.976253546608512
6	6.839509215267028
7	7.21463780973979
8	8.361449095013985
9	9.165018581625425
10	10.441786790955357
11	11.788784017677598
12	12.249581648711644
13	13.673185432734586
14	14.060218854301482
15	15.250448565418186
16	16.210948501697985
17	17.32820687480276
18	18.111240234554806
19	19.25209687722294
