step	loss
0	19.32778387559867
1	18.277118609722784
2	17.152208391053513
3	16.582901091522597
4	15.776895339350302
5	14.534672847750864
6	13.057596856884842
7	12.396188508475285
8	11.503410222002426
9	10.47444279897617
10	9.122113731855697
11	8.456555465947247
12	7.081840271119127
13	6.844953443761919
14	5.219978341116031
15	4.774681241095139
16	3.7338062483505583
17	2.5616843360396375
18	1.9653560065542326
19	0.341489748282349
